{
  "$schema": "http://json-schema.org/draft-07/schema",
  "$id": "http://example.com/example.json",
  "type": "object",
  "title": "The root schema",
  "default": {},
  "required": [
    "page",
    "per_page",
    "total",
    "total_pages",
    "data",
    "ad"
  ],
  "additionalProperties": true,
  "properties": {
    "page": {
      "$id": "#/properties/page",
      "type": "integer",
      "title": "The page schema",
      "default": 0
    },
    "per_page": {
      "$id": "#/properties/per_page",
      "type": "integer",
      "title": "The per_page schema",
      "default": 0
    },
    "total": {
      "$id": "#/properties/total",
      "type": "integer",
      "title": "The total schema",
      "default": 0
    },
    "total_pages": {
      "$id": "#/properties/total_pages",
      "type": "integer",
      "title": "The total_pages schema",
      "default": 0
    },
    "data": {
      "$id": "#/properties/data",
      "type": "array",
      "title": "The data schema",
      "default": [],
      "additionalItems": true,
      "items": {
        "anyOf": [
          {
            "$id": "#/properties/data/items/anyOf/0",
            "type": "object",
            "title": "The first anyOf schema",
            "default": {},
            "required": [
              "id",
              "email",
              "first_name",
              "last_name",
              "avatar"
            ],
            "additionalProperties": true,
            "properties": {
              "id": {
                "$id": "#/properties/data/items/anyOf/0/properties/id",
                "type": "integer",
                "title": "The id schema",
                "default": 0
              },
              "email": {
                "$id": "#/properties/data/items/anyOf/0/properties/email",
                "type": "string",
                "title": "The email schema",
                "default": ""
              },
              "first_name": {
                "$id": "#/properties/data/items/anyOf/0/properties/first_name",
                "type": "string",
                "title": "The first_name schema",
                "default": ""
              },
              "last_name": {
                "$id": "#/properties/data/items/anyOf/0/properties/last_name",
                "type": "string",
                "title": "The last_name schema",
                "default": ""
              },
              "avatar": {
                "$id": "#/properties/data/items/anyOf/0/properties/avatar",
                "type": "string",
                "title": "The avatar schema",
                "default": ""
              }
            }
          }
        ],
        "$id": "#/properties/data/items"
      }
    },
    "ad": {
      "$id": "#/properties/ad",
      "type": "object",
      "title": "The ad schema",
      "default": {},
      "required": [
        "company",
        "url",
        "text"
      ],
      "additionalProperties": true,
      "properties": {
        "company": {
          "$id": "#/properties/ad/properties/company",
          "type": "string",
          "title": "The company schema",
          "default": ""
        },
        "url": {
          "$id": "#/properties/ad/properties/url",
          "type": "string",
          "title": "The url schema",
          "default": ""
        },
        "text": {
          "$id": "#/properties/ad/properties/text",
          "type": "string",
          "title": "The text schema",
          "default": ""
        }
      }
    }
  }
}