{
  "$schema": "http://json-schema.org/draft-07/schema",
  "$id": "http://example.com/example.json",
  "type": "object",
  "title": "The root schema",
  "default": {},
  "required": [
    "name",
    "job",
    "id",
    "createdAt"
  ],
  "additionalProperties": true,
  "properties": {
    "name": {
      "$id": "#/properties/name",
      "type": "string",
      "title": "The name schema",
      "default": ""
    },
    "job": {
      "$id": "#/properties/job",
      "type": "string",
      "title": "The job schema",
      "default": ""
    },
    "id": {
      "$id": "#/properties/id",
      "type": "string",
      "title": "The id schema",
      "default": ""
    },
    "createdAt": {
      "$id": "#/properties/createdAt",
      "type": "string",
      "title": "The createdAt schema",
      "default": ""
    }
  }
}