{
	"info": {
		"_postman_id": "f57dbf33-f8fc-4b34-bf5d-e253ef52cf05",
		"name": "HuyTest",
		"schema": "https://schema.getpostman.com/json/collection/v2.0.0/collection.json"
	},
	"item": [
		{
			"name": "DemoGetUsers",
			"request": {
				"method": "GET",
				"header": [],
				"url": {
					"raw": "{{end_point}}/users?page=2",
					"protocol": "https",
					"host": [
						"reqres",
						"in"
					],
					"path": [
						"api",
						"users"
					],
					"query": [
						{
							"key": "page",
							"value": "2"
						}
					]
				}
			},
			"response": []
		},
		{
			"name": "DemoCreateUser",
			"request": {
				"method": "POST",
				"header": [
					{
						"key": "Content-Type",
						"type": "text",
						"value": "application/json"
					}
				],
				"body": {
					"mode": "raw",
					"raw": "{\r\n    \"name\": \"{{name}}\",\r\n    \"job\": \"{{job}}\"\r\n}",
					"options": {
						"raw": {}
					}
				},
				"url": {
					"raw": "https://reqres.in/api/users"
				}
			},
			"response": []
		}
	],
	"protocolProfileBehavior": {}
}