{
	"info": {
		"_postman_id": "d1c6bbb8-16da-4a76-8978-922eb5adaf05",
		"name": "TSAssignment",
		"schema": "https://schema.getpostman.com/json/collection/v2.0.0/collection.json"
	},
	"item": [
		{
			"name": "CreateUser",
			"request": {
				"method": "POST",
				"header": [
					{
						"key": "Content-Type",
						"value": "application/json",
						"type": "text"
					}
				],
				"body": {
					"mode": "raw",
					"raw": "{\n   \"user_name\": \"{{my_user_name}}\",\n   \"password\": \"{{my_password}}\",\n   \"email\": \"{{email}}\",\n   \"phone_number\": \"{{phone_number}}\"\n}"
				},
				"url": "http://{{root}}/user/create"
			},
			"response": []
		},
		{
			"name": "Login",
			"request": {
				"method": "POST",
				"header": [
					{
						"key": "Content-Type",
						"value": "application/json",
						"type": "text"
					}
				],
				"body": {
					"mode": "raw",
					"raw": "{\n\"user_name\": \"{{my_user_name}}\",\n\"password\": \"{{my_password}}\"\n}",
					"options": {
						"raw": {}
					}
				},
				"url": "http://{{root}}/user/login"
			},
			"response": []
		},
		{
			"name": "UpdateUser",
			"request": {
				"method": "POST",
				"header": [
					{
						"key": "Content-Type",
						"type": "text",
						"value": "application/json"
					}
				],
				"body": {
					"mode": "raw",
					"raw": "{\n\"token\": \"{{token}}\",\n\"email\": \"{{update_email}}\",\n\"phone_number\": \"{{update_phone}}\"\n}",
					"options": {
						"raw": {}
					}
				},
				"url": "http://{{root}}/user/update"
			},
			"response": []
		},
		{
			"name": "UpdateUserEmail",
			"request": {
				"method": "POST",
				"header": [
					{
						"key": "Content-Type",
						"type": "text",
						"value": "application/json"
					}
				],
				"body": {
					"mode": "raw",
					"raw": "{\n\"token\": \"{{token}}\",\n\"email\": \"{{update_email}}\"}",
					"options": {
						"raw": {}
					}
				},
				"url": "http://{{root}}/user/update"
			},
			"response": []
		},
		{
			"name": "UpdateUserPhone",
			"request": {
				"method": "POST",
				"header": [
					{
						"key": "Content-Type",
						"type": "text",
						"value": "application/json"
					}
				],
				"body": {
					"mode": "raw",
					"raw": "{\n\"token\": \"{{token}}\",\n\"phone_number\": \"{{update_phone}}\"\n}",
					"options": {
						"raw": {}
					}
				},
				"url": "http://{{root}}/user/update"
			},
			"response": []
		}

	],
	"protocolProfileBehavior": {}
}